{
  "focused_means": {
    "goals_found": {
      "b_behavior_distill": {
        "ci_high": 0.15772727272727274,
        "ci_low": 0.0940909090909091,
        "mean": 0.1272727272727273
      },
      "b_frozen_copy": {
        "ci_high": 0.14863636363636365,
        "ci_low": 0.08544318181818181,
        "mean": 0.11818181818181818
      },
      "b_frozen_random": {
        "ci_high": 0.17046590909090897,
        "ci_low": 0.14,
        "mean": 0.15545454545454548
      },
      "b_source_align_attention_adapter_long": {
        "ci_high": 0.13363636363636366,
        "ci_low": 0.07227272727272728,
        "mean": 0.10181818181818182
      },
      "b_source_align_attention_copy_long": {
        "ci_high": 0.8240909090909091,
        "ci_low": 0.42818181818181816,
        "mean": 0.6159090909090909
      },
      "b_source_align_control_adapter_long": {
        "ci_high": 0.18090909090909094,
        "ci_low": 0.11180681818181819,
        "mean": 0.14681818181818185
      },
      "b_source_align_repair_copy_long": {
        "ci_high": 0.19090909090909092,
        "ci_low": 0.11863636363636365,
        "mean": 0.1545454545454545
      },
      "source_full": {
        "ci_high": 0.9131818181818183,
        "ci_low": 0.49863636363636366,
        "mean": 0.6977272727272728
      }
    },
    "identity_probe_accuracy": {
      "b_behavior_distill": {
        "ci_high": 0.0,
        "ci_low": 0.0,
        "mean": 0.0
      },
      "b_frozen_copy": {
        "ci_high": 1.0,
        "ci_low": 1.0,
        "mean": 1.0
      },
      "b_frozen_random": {
        "ci_high": 0.0,
        "ci_low": 0.0,
        "mean": 0.0
      },
      "b_source_align_attention_adapter_long": {
        "ci_high": 1.0,
        "ci_low": 1.0,
        "mean": 1.0
      },
      "b_source_align_attention_copy_long": {
        "ci_high": 1.0,
        "ci_low": 1.0,
        "mean": 1.0
      },
      "b_source_align_control_adapter_long": {
        "ci_high": 1.0,
        "ci_low": 1.0,
        "mean": 1.0
      },
      "b_source_align_repair_copy_long": {
        "ci_high": 1.0,
        "ci_low": 1.0,
        "mean": 1.0
      },
      "source_full": {
        "ci_high": 1.0,
        "ci_low": 1.0,
        "mean": 1.0
      }
    },
    "self_report_corr": {
      "b_behavior_distill": {
        "ci_high": 0.21456149893050083,
        "ci_low": 0.10520163847897802,
        "mean": 0.1620452160631431
      },
      "b_frozen_copy": {
        "ci_high": 0.013164446677573497,
        "ci_low": -0.12185382612593139,
        "mean": -0.054447089817337806
      },
      "b_frozen_random": {
        "ci_high": 0.006971989699977207,
        "ci_low": -0.05196304322243928,
        "mean": -0.02262594661334453
      },
      "b_source_align_attention_adapter_long": {
        "ci_high": 0.8892271364304085,
        "ci_low": 0.6844880272002836,
        "mean": 0.7952821042130978
      },
      "b_source_align_attention_copy_long": {
        "ci_high": 0.8535885803617568,
        "ci_low": 0.7176693737987152,
        "mean": 0.785842088632759
      },
      "b_source_align_control_adapter_long": {
        "ci_high": 0.6119694477159329,
        "ci_low": 0.4360990154414093,
        "mean": 0.5179856686555866
      },
      "b_source_align_repair_copy_long": {
        "ci_high": 0.4408681621652474,
        "ci_low": 0.22689343408254142,
        "mean": 0.32571604206432614
      },
      "source_full": {
        "ci_high": 0.9067974015881016,
        "ci_low": 0.7883926954962172,
        "mean": 0.8502608498328432
      }
    },
    "source_action_agreement": {
      "b_behavior_distill": {
        "ci_high": 0.2283359848484848,
        "ci_low": 0.0657676515151515,
        "mean": 0.1364939393939394
      },
      "b_frozen_copy": {
        "ci_high": 0.1473993939393939,
        "ci_low": 0.026295151515151514,
        "mean": 0.07982121212121211
      },
      "b_frozen_random": {
        "ci_high": 0.051761212121212034,
        "ci_low": 0.008698257575757576,
        "mean": 0.02454848484848485
      },
      "b_source_align_attention_adapter_long": {
        "ci_high": 0.2704962519677292,
        "ci_low": 0.1244464761248852,
        "mean": 0.19290289912108094
      },
      "b_source_align_attention_copy_long": {
        "ci_high": 0.863443676862212,
        "ci_low": 0.7440982181918919,
        "mean": 0.8076551590743661
      },
      "b_source_align_control_adapter_long": {
        "ci_high": 0.37275553030303027,
        "ci_low": 0.22840757575757578,
        "mean": 0.2961621212121212
      },
      "b_source_align_repair_copy_long": {
        "ci_high": 0.23878476731601725,
        "ci_low": 0.12355929653679654,
        "mean": 0.1782474025974026
      },
      "source_full": {
        "ci_high": 1.0,
        "ci_low": 1.0,
        "mean": 1.0
      }
    }
  },
  "validation": {
    "attempted": 30,
    "failed": 8,
    "failed_indices": [
      3,
      5,
      17,
      19,
      22,
      23,
      24,
      29
    ],
    "failed_reasons": {
      "goals_found 0.000 < min_goals_found 0.100": 1,
      "goals_found 0.010 < min_goals_found 0.100": 1,
      "goals_found 0.020 < min_goals_found 0.100": 2,
      "goals_found 0.030 < min_goals_found 0.100": 2,
      "goals_found 0.060 < min_goals_found 0.100": 1,
      "self_report_corr 0.352 < min_self_report_corr 0.500": 1
    },
    "passed": 22,
    "passed_indices": [
      0,
      1,
      2,
      4,
      6,
      7,
      8,
      9,
      10,
      11,
      12,
      13,
      14,
      15,
      16,
      18,
      20,
      21,
      25,
      26,
      27,
      28
    ]
  }
}